rate_date,currency,rate,_loaded_at
2026-09-14,USD,1.1700,2026-09-14 14:03:00
2026-09-14,GBP,0.8600,2026-09-14 14:03:00
2026-09-14,JPY,173.4000,2026-09-14 14:03:00
2026-09-14,CHF,0.9400,2026-09-14 14:03:00
2026-09-14,SEK,11.4000,2026-09-14 14:03:00
2026-09-15,USD,1.1707,2026-09-15 14:04:00
2026-09-15,GBP,0.8607,2026-09-15 14:04:00
2026-09-15,JPY,173.4007,2026-09-15 14:04:00
2026-09-15,CHF,0.9407,2026-09-15 14:04:00
2026-09-15,SEK,11.4007,2026-09-15 14:04:00
2026-09-16,USD,1.1714,2026-09-16 14:05:00
2026-09-16,GBP,0.8614,2026-09-16 14:05:00
2026-09-16,JPY,173.4014,2026-09-16 14:05:00
2026-09-16,CHF,0.9414,2026-09-16 14:05:00
2026-09-16,SEK,11.4014,2026-09-16 14:05:00
2026-09-17,USD,1.1721,2026-09-17 14:06:00
2026-09-17,GBP,0.8621,2026-09-17 14:06:00
2026-09-17,JPY,173.4021,2026-09-17 14:06:00
2026-09-17,CHF,0.9421,2026-09-17 14:06:00
2026-09-17,SEK,11.4021,2026-09-17 14:06:00
2026-09-18,USD,1.1728,2026-09-18 14:07:00
2026-09-18,GBP,0.8628,2026-09-18 14:07:00
2026-09-18,JPY,173.4028,2026-09-18 14:07:00
2026-09-18,CHF,0.9428,2026-09-18 14:07:00
2026-09-18,SEK,11.4028,2026-09-18 14:07:00
2026-09-21,USD,1.1735,2026-09-21 14:03:00
2026-09-21,GBP,0.8635,2026-09-21 14:03:00
2026-09-21,JPY,173.4035,2026-09-21 14:03:00
2026-09-21,CHF,0.9435,2026-09-21 14:03:00
2026-09-21,SEK,11.4035,2026-09-21 14:03:00
2026-09-22,USD,1.1742,2026-09-22 14:04:00
2026-09-22,GBP,0.8642,2026-09-22 14:04:00
2026-09-22,JPY,173.4042,2026-09-22 14:04:00
2026-09-22,CHF,0.9442,2026-09-22 14:04:00
2026-09-22,SEK,11.4042,2026-09-22 14:04:00
2026-09-23,USD,1.1700,2026-09-23 14:05:00
2026-09-23,GBP,0.8600,2026-09-23 14:05:00
2026-09-23,JPY,173.4000,2026-09-23 14:05:00
2026-09-23,CHF,0.9400,2026-09-23 14:05:00
2026-09-23,SEK,11.4000,2026-09-23 14:05:00
2026-09-24,USD,1.1707,2026-09-24 14:06:00
2026-09-24,GBP,0.8607,2026-09-24 14:06:00
2026-09-24,JPY,173.4007,2026-09-24 14:06:00
2026-09-24,CHF,0.9407,2026-09-24 14:06:00
2026-09-24,SEK,11.4007,2026-09-24 14:06:00
2026-09-25,USD,1.1714,2026-09-25 14:07:00
2026-09-25,GBP,0.8614,2026-09-25 14:07:00
2026-09-25,JPY,173.4014,2026-09-25 14:07:00
2026-09-25,CHF,0.9414,2026-09-25 14:07:00
2026-09-25,SEK,11.4014,2026-09-25 14:07:00
